{
  "model": "XGBoost",
  "threshold_optimization": {
    "objective": "balanced_accuracy",
    "threshold": 0.5300000000000002,
    "score": 0.7301556862676445,
    "evaluated_thresholds": 41
  },
  "validation": {
    "accuracy": 0.7309430112228538,
    "precision": 0.7663454920853406,
    "recall": 0.6561579257513259,
    "specificity": 0.804153446783963,
    "f1": 0.7069841269841269,
    "roc_auc": 0.7963517542877121,
    "pr_auc": 0.7812958662287197,
    "balanced_accuracy": 0.7301556862676445,
    "mcc": 0.4657614023514242,
    "brier": 0.18308280408382416,
    "per_class": {
      "No Disease": {
        "precision": 0.7049304677623262,
        "recall": 0.804153446783963,
        "f1": 0.7512799784424683,
        "support": 3467
      },
      "Disease": {
        "precision": 0.7663454920853406,
        "recall": 0.6561579257513259,
        "f1": 0.7069841269841269,
        "support": 3394
      }
    }
  },
  "test": {
    "accuracy": 0.7341495408832531,
    "precision": 0.7699845281072718,
    "recall": 0.65974370304905,
    "specificity": 0.8070099524015578,
    "f1": 0.7106139933365064,
    "roc_auc": 0.8041924306458104,
    "pr_auc": 0.788508552812523,
    "balanced_accuracy": 0.7333768277253039,
    "mcc": 0.47222694416760047,
    "brier": 0.17945197224617004,
    "per_class": {
      "No Disease": {
        "precision": 0.7077798861480076,
        "recall": 0.8070099524015578,
        "f1": 0.7541447634452082,
        "support": 6933
      },
      "Disease": {
        "precision": 0.7699845281072718,
        "recall": 0.65974370304905,
        "f1": 0.7106139933365064,
        "support": 6789
      }
    }
  }
}